<connectorMetaData path="fhir">
	<name>FHIR Listener</name>
	<author>Mirth Corporation</author>
	<pluginVersion>3.2.2.7694.b18</pluginVersion>
	<mirthVersion>3.2.2</mirthVersion>
	<url>http://www.mirthcorp.com</url>
	<description>This connector allows Mirth to host a FHIR server and listen for incoming data.</description>
	<clientClassName>com.mirth.connect.connectors.fhir.client.FhirListener</clientClassName>
	<serverClassName>com.mirth.connect.connectors.fhir.server.FhirReceiver</serverClassName>
	<sharedClassName>com.mirth.connect.connectors.fhir.shared.FhirReceiverProperties</sharedClassName>
	<templateClassName>com.mirth.connect.connectors.fhir.client.FhirListenerCodeTemplatePlugin</templateClassName>
	<userutilPackages>
		<string>com.mirth.connect.connectors.fhir.server.userutil</string>
		<string>com.mirth.connect.connectors.fhir.shared.userutil</string>
	</userutilPackages>
	<library type="CLIENT" path="fhir-client.jar" />
	<library type="CLIENT" path="src/fhir-userutil-sources.jar" />
	<library type="SHARED" path="fhir-shared.jar" />
	<library type="SERVER" path="fhir-server.jar" />
	<library type="SERVER" path="lib/hapi-fhir-base-1.0.jar" />
	<library type="SERVER" path="lib/hapi-fhir-structures-dstu-1.0.jar" />
	<transformers></transformers>
	<protocol>fhir</protocol>
	<type>SOURCE</type>
</connectorMetaData>